<?xml version="1.0" encoding="UTF-8"?>
<project-private xmlns="http://www.netbeans.org/ns/project-private/1">
    <editor-bookmarks xmlns="http://www.netbeans.org/ns/editor-bookmarks/2" lastBookmarkId="0"/>
    <open-files xmlns="http://www.netbeans.org/ns/projectui-open-files/2">
        <group>
            <file>file:/C:/xampp/htdocs/blog/header.php</file>
            <file>file:/C:/xampp/htdocs/blog/sidebar.php</file>
            <file>file:/C:/xampp/htdocs/blog/app/classes/Category.php</file>
            <file>file:/C:/xampp/htdocs/blog/category-post.php</file>
            <file>file:/C:/xampp/htdocs/blog/admin/manage-blog.php</file>
            <file>file:/C:/xampp/htdocs/blog/index.php</file>
            <file>file:/C:/xampp/htdocs/blog/footer.php</file>
            <file>file:/C:/xampp/htdocs/blog/app/classes/Blog.php</file>
        </group>
    </open-files>
</project-private>
